{"count":1,"self":1383.3299968,"total":7158.6959670999995,"children":{"InitializeActuators":{"count":1,"self":0.0009973,"total":0.0009973,"children":null},"InitializeSensors":{"count":1,"self":0.0019947,"total":0.0019947,"children":null},"AgentSendState":{"count":5000967,"self":58.5572224,"total":87.752207099999993,"children":{"CollectObservations":{"count":1000194,"self":0.7203925,"total":0.7203925,"children":null},"WriteActionMask":{"count":1000194,"self":0.7437672,"total":0.7437672,"children":null},"RequestDecision":{"count":1000194,"self":2.9047232,"total":27.730825199999998,"children":{"AgentInfo.ToProto":{"count":1000194,"self":3.0726852,"total":24.826101899999998,"children":{"GenerateSensorData":{"count":1000194,"self":18.857204799999998,"total":21.7534167,"children":{"RayPerceptionSensor.Perceive":{"count":2000388,"self":2.8962117999999997,"total":2.8962117999999997,"children":null}}}}}}}}},"DecideAction":{"count":5000967,"self":5639.880704,"total":5639.8806278,"children":null},"AgentAct":{"count":5000967,"self":47.6261984,"total":47.6991776,"children":{"AgentInfo.ToProto":{"count":2518,"self":0.017021599999999998,"total":0.0729779,"children":{"GenerateSensorData":{"count":2518,"self":0.0499716,"total":0.0559563,"children":{"RayPerceptionSensor.Perceive":{"count":5036,"self":0.0059847,"total":0.0059847,"children":null}}}}}}},"AgentInfo.ToProto":{"count":1235,"self":0.0039889,"total":0.0299333,"children":{"GenerateSensorData":{"count":1235,"self":0.020956799999999998,"total":0.0259444,"children":{"RayPerceptionSensor.Perceive":{"count":2470,"self":0.0049876,"total":0.0049876,"children":null}}}}}},"gauges":{"Tor.CumulativeReward":{"count":3753,"max":70047.42,"min":0.53487,"runningAverage":9280.459,"value":15140.1689,"weightedAverage":14347.1807}},"metadata":{"timer_format_version":"0.1.0","start_time_seconds":"1691579346","unity_version":"2020.3.4f1","command_line_arguments":"C:\\Users\\Legion67\\Documents\\GitHub\\2020.3.4f1\\Editor\\Unity.exe -projectpath C:\/Users\/Legion67\/Documents\/GitHub\/RLCar -useHub -hubIPC -cloudEnvironment production -hubSessionId a8ba26b0-368b-11ee-8b4e-2bc459754ba3","communication_protocol_version":"1.5.0","com.unity.ml-agents_version":"2.0.1","scene_name":"SplineRoads","end_time_seconds":"1691586505"}}